Emp ID,First Name,Age in Yrs,Weight in Kgs,Age in Company,Salary,City,Designation
97858,Ishaan_001,37.33,67.0,19.77,125979,Detroit,Clerk
22002,Rohan_002,24.59,69.0,11.83,131192,Fremont,Clerk
40748,Shanaya_003,30.55,72.0,11.22,85875,Stonewall,Associate
34144,Aditi_004,51.88,80.0,11.83,110957,Michigantown,Senior Manager
39603,Aditi_005,50.2,86.0,3.25,65751,Carol Stream,Executive
59636,Anika_006,51.12,64.0,10.29,136116,Stonewall,Senior Manager
54280,Aarav_007,51.61,62.0,19.7,87174,Michigantown,Associate
22097,Rohan_008,26.32,75.0,26.72,103984,Hydetown,Executive
69639,Shanaya_009,50.09,62.0,21.69,70257,Stonewall,Manager
63775,Ishaan_010,40.68,85.0,18.3,58695,Hydetown,Analyst
27356,Anika_011,23.08,57.0,7.97,156687,Carol Stream,Executive
92426,Ishaan_012,41.94,86.0,27.19,107453,Carol Stream,Senior Manager
74056,Priya_013,40.2,76.0,3.73,135238,Fremont,Analyst
95679,Aditi_014,50.7,88.0,25.22,141109,Detroit,Senior Manager
85425,Aarav_015,43.83,65.0,5.26,96608,Detroit,Clerk
78222,Anika_016,46.41,75.0,11.61,119067,Stonewall,Senior Manager
30330,Priya_017,36.66,77.0,26.39,131627,Michigantown,Senior Manager
50586,Rohan_018,43.03,60.0,17.24,106134,Alma,Executive
19858,Priya_019,24.66,75.0,22.12,119700,Stonewall,Analyst
70400,Rohan_020,36.21,70.0,6.71,147143,Alma,Senior Manager
97471,Aditi_021,26.71,62.0,19.62,119908,Alma,Clerk
11246,Shanaya_022,45.59,,7.24,114223,Fremont,Manager
81759,Aarav_023,36.2,72.0,25.31,74830,Biloxi,Manager
56556,Priya_024,45.74,63.0,15.24,84062,Fremont,Manager
27370,Ishaan_025,25.46,87.0,22.74,81307,Fremont,Clerk
28953,Aarav_026,35.77,82.0,7.99,86005,Stonewall,Clerk
91878,Ishaan_027,29.01,82.0,18.01,89532,Hydetown,Manager
97488,Rohan_028,25.26,69.0,17.71,108735,Hydetown,Associate
53132,Anika_029,42.2,,9.99,148151,Hydetown,Senior Manager
94594,Ishaan_030,30.49,69.0,29.27,94426,Stonewall,Associate
47989,Aarav_031,33.22,84.0,17.37,56826,Carol Stream,Clerk
39879,Vivaan_032,38.13,89.0,14.77,107790,Michigantown,Clerk
62604,Rohan_033,51.71,69.0,4.25,68088,Carol Stream,Senior Manager
79070,Vivaan_034,34.6,71.0,1.77,108133,Michigantown,Analyst
98956,Anika_035,35.07,,9.06,86528,Stonewall,Executive
64478,Ishaan_036,,56.0,7.93,72721,Alma,Executive
21708,Priya_037,36.89,67.0,24.14,58696,Hydetown,Executive
94657,Shanaya_038,43.88,82.0,16.22,59482,Detroit,Associate
54434,Rohan_039,30.28,76.0,9.72,88427,Biloxi,Analyst
43330,Rohan_040,46.01,80.0,29.14,94951,Michigantown,Executive
94544,Vivaan_041,25.3,67.0,10.7,73672,Biloxi,Associate
97634,Aarav_042,33.26,79.0,24.01,110558,Carol Stream,Associate
63724,Ishaan_043,35.08,80.0,20.2,85768,Hydetown,Executive
53071,Aditi_044,30.52,77.0,8.64,126138,Detroit,Senior Manager
42650,Ishaan_045,,72.0,5.17,123593,Michigantown,Senior Manager
76554,Aditi_046,47.45,74.0,22.43,95180,Detroit,Manager
15326,Shanaya_047,28.38,63.0,8.42,131377,Alma,Manager
39980,Anika_048,38.23,64.0,19.51,92831,Carol Stream,Associate
71736,Ishaan_049,39.47,69.0,10.06,123338,Stonewall,Senior Manager
41636,Shanaya_050,37.49,65.0,21.85,96643,Carol Stream,Clerk
24129,Priya_051,22.13,69.0,11.8,87630,Hydetown,Analyst
61926,Aditi_052,24.44,69.0,26.29,149127,Hydetown,Manager
93013,Shanaya_053,50.85,73.0,19.6,109841,Michigantown,Manager
37321,Aarav_054,26.15,86.0,23.66,87337,Michigantown,Senior Manager
92283,Vivaan_055,33.69,56.0,17.21,111567,Michigantown,Analyst
50185,Shanaya_056,51.54,86.0,13.22,70915,Carol Stream,Senior Manager
31295,Aarav_057,50.87,64.0,28.75,74386,Detroit,Executive
11630,Ishaan_058,25.13,61.0,29.05,131639,Stonewall,Executive
59107,Vivaan_059,51.59,59.0,11.19,93906,Biloxi,Manager
44323,Rohan_060,32.45,81.0,20.86,159740,Biloxi,Manager
50404,Shanaya_061,31.73,59.0,20.89,59621,Detroit,Executive
18074,Ishaan_062,34.41,67.0,22.89,69226,Alma,Analyst
65782,Shanaya_063,37.71,87.0,19.9,68587,Biloxi,Executive
47298,Rohan_064,45.36,56.0,12.68,150370,Biloxi,Clerk
72771,Rohan_065,25.43,59.0,9.43,78135,Michigantown,Clerk
71118,Shanaya_066,36.24,81.0,3.97,127147,Hydetown,Senior Manager
20205,Aarav_067,26.9,74.0,9.92,139834,Stonewall,Executive
67425,Anika_068,44.85,58.0,29.9,80801,Alma,Manager
61339,Ishaan_069,37.86,74.0,28.7,146035,Carol Stream,Associate
60184,Ishaan_070,50.14,71.0,18.53,69045,Biloxi,Analyst
96164,Shanaya_071,39.9,84.0,14.77,107055,Stonewall,Manager
20738,Priya_072,33.99,66.0,6.99,61408,Detroit,Associate
28778,Aditi_073,27.19,64.0,22.2,74400,Hydetown,Manager
12055,Vivaan_074,26.83,63.0,14.32,107604,Fremont,Senior Manager
68890,Anika_075,27.64,69.0,5.56,67606,Detroit,Executive
41635,Priya_076,23.01,78.0,20.0,156840,Biloxi,Analyst
12886,Priya_077,28.64,73.0,19.54,147016,Alma,Manager
21305,Anika_078,23.81,,2.05,56838,Alma,Associate
42015,Aditi_079,39.35,60.0,10.41,83720,Biloxi,Manager
32569,Anika_080,38.05,88.0,13.71,128567,Michigantown,Analyst
80880,Anika_081,39.08,80.0,28.17,144924,Fremont,Clerk
99731,Priya_082,47.34,,14.27,106166,Detroit,Senior Manager
48495,Priya_083,41.19,72.0,2.25,159039,Detroit,Associate
10395,Vivaan_084,49.21,55.0,16.67,60064,Alma,Clerk
49194,Ishaan_085,26.0,,1.35,115630,Detroit,Manager
95327,Priya_086,42.65,75.0,6.15,72719,Alma,Manager
78256,Rohan_087,31.43,84.0,13.14,75636,Detroit,Senior Manager
16716,Aarav_088,22.77,69.0,14.19,82982,Biloxi,Executive
78140,Priya_089,44.78,55.0,27.25,112714,Detroit,Associate
62839,Rohan_090,,58.0,13.8,68975,Michigantown,Associate
47755,Shanaya_091,31.85,59.0,22.11,87320,Carol Stream,Associate
52348,Vivaan_092,28.65,79.0,16.83,104172,Detroit,Clerk
72565,Aarav_093,,76.0,24.03,97093,Stonewall,Clerk
27492,Shanaya_094,44.44,,14.6,151132,Fremont,Executive
27986,Shanaya_095,49.04,59.0,3.6,82400,Alma,Senior Manager
71672,Ishaan_096,39.35,86.0,16.2,111971,Michigantown,Executive
31471,Anika_097,26.26,67.0,18.19,138551,Biloxi,Associate
41627,Aarav_098,,55.0,29.92,108880,Hydetown,Clerk
83760,Rohan_099,36.62,75.0,24.91,147820,Biloxi,Analyst
42500,Aarav_100,46.14,69.0,25.08,126693,Stonewall,Associate
23839,Aditi_101,40.74,77.0,13.1,79796,Stonewall,Executive
57872,Anika_102,31.45,63.0,17.2,158005,Fremont,Senior Manager
51543,Vivaan_103,49.49,83.0,12.2,146536,Carol Stream,Senior Manager
42385,Anika_104,40.21,84.0,12.79,97801,Detroit,Senior Manager
16679,Anika_105,23.54,82.0,28.94,102851,Alma,Associate
10117,Vivaan_106,40.27,55.0,29.88,114125,Michigantown,Manager
86106,Anika_107,38.92,,21.03,145103,Alma,Senior Manager
10017,Ishaan_108,22.65,,6.7,143382,Michigantown,Senior Manager
72975,Priya_109,38.52,62.0,12.7,87176,Detroit,Executive
79714,Rohan_110,50.34,74.0,13.73,78301,Detroit,Clerk
59720,Vivaan_111,38.9,82.0,3.36,80866,Stonewall,Executive
45900,Aarav_112,38.37,72.0,17.04,102980,Detroit,Manager
89721,Rohan_113,35.67,77.0,29.75,133932,Alma,Executive
37657,Rohan_114,51.54,57.0,15.21,113929,Stonewall,Clerk
25026,Aarav_115,46.18,70.0,9.31,141911,Fremont,Clerk
57886,Aditi_116,28.64,89.0,9.52,74412,Michigantown,Associate
28454,Ishaan_117,51.54,77.0,18.0,99922,Hydetown,Clerk
50351,Vivaan_118,38.05,64.0,29.04,64960,Alma,Clerk
93033,Aditi_119,27.11,62.0,25.62,149927,Michigantown,Clerk
85464,Priya_120,22.55,61.0,24.53,118392,Michigantown,Executive
29443,Aditi_121,35.61,,12.2,62820,Michigantown,Executive
58873,Shanaya_122,29.12,57.0,23.21,135955,Hydetown,Manager
17689,Aditi_123,49.88,73.0,9.1,91800,Biloxi,Senior Manager
58358,Aditi_124,47.76,77.0,29.83,71837,Biloxi,Executive
68204,Rohan_125,41.77,67.0,27.25,84646,Alma,Analyst
62317,Ishaan_126,39.53,81.0,8.84,114932,Stonewall,Associate
82986,Priya_127,38.9,,16.01,74600,Biloxi,Senior Manager
84388,Rohan_128,38.36,86.0,16.92,69745,Hydetown,Analyst
44002,Shanaya_129,42.13,79.0,19.54,159513,Detroit,Executive
87319,Shanaya_130,,,6.28,148993,Hydetown,Clerk
11226,Priya_131,24.09,83.0,11.82,78529,Fremont,Manager
92000,Aarav_132,48.97,80.0,7.52,136714,Michigantown,Clerk
89675,Aditi_133,46.89,88.0,29.1,149833,Hydetown,Analyst
89860,Aditi_134,22.26,65.0,14.53,105034,Carol Stream,Manager
68426,Aarav_135,23.13,72.0,21.52,103492,Michigantown,Executive
30429,Rohan_136,23.54,67.0,2.37,86137,Alma,Executive
42343,Aarav_137,47.03,78.0,20.71,93775,Biloxi,Manager
70318,Vivaan_138,49.01,67.0,11.82,143699,Biloxi,Executive
97306,Aarav_139,44.44,72.0,15.19,83970,Fremont,Analyst
77580,Aditi_140,33.22,79.0,8.69,116285,Biloxi,Analyst
52466,Shanaya_141,24.75,58.0,27.2,127526,Biloxi,Senior Manager
40103,Rohan_142,31.01,55.0,3.21,125134,Carol Stream,Manager
83096,Anika_143,49.03,67.0,5.87,107298,Stonewall,Manager
38158,Vivaan_144,49.19,69.0,10.56,125163,Hydetown,Associate
60492,Aditi_145,34.82,72.0,12.89,152749,Stonewall,Senior Manager
21713,Ishaan_146,27.58,74.0,8.03,141170,Hydetown,Executive
32698,Ishaan_147,46.12,64.0,16.06,139280,Detroit,Associate
23406,Shanaya_148,35.49,76.0,14.79,136275,Alma,Clerk
37942,Anika_149,34.77,,14.72,100628,Alma,Senior Manager
10972,Vivaan_150,29.19,72.0,27.98,117162,Alma,Associate
30057,Aarav_151,32.08,85.0,7.96,118345,Hydetown,Clerk
68719,Rohan_152,32.82,67.0,29.47,87443,Michigantown,Analyst
96689,Vivaan_153,23.36,76.0,15.62,135033,Hydetown,Associate
81666,Ishaan_154,47.08,84.0,28.39,72585,Stonewall,Executive
65909,Ishaan_155,35.12,59.0,24.87,68748,Carol Stream,Executive
49341,Anika_156,47.19,62.0,3.65,117732,Biloxi,Executive
48128,Aarav_157,32.24,,25.52,73440,Fremont,Analyst
18486,Priya_158,30.16,69.0,9.49,88696,Hydetown,Clerk
25952,Aditi_159,25.27,57.0,12.73,152614,Detroit,Associate
34922,Aditi_160,35.26,73.0,7.88,117043,Alma,Analyst
78324,Priya_161,31.33,85.0,5.63,105526,Carol Stream,Associate
81669,Priya_162,45.88,59.0,22.21,110344,Hydetown,Senior Manager
66279,Rohan_163,48.92,72.0,8.24,131514,Fremont,Manager
42824,Aditi_164,49.88,68.0,22.95,115286,Michigantown,Manager
89366,Aditi_165,35.09,86.0,27.46,73275,Carol Stream,Executive
25463,Aditi_166,28.53,,4.54,159898,Detroit,Executive
63709,Aarav_167,32.28,65.0,11.87,87436,Alma,Associate
86997,Vivaan_168,24.34,71.0,2.27,112858,Stonewall,Executive
25092,Aarav_169,40.77,62.0,28.39,120445,Stonewall,Executive
71903,Rohan_170,24.07,86.0,24.21,98810,Biloxi,Manager
78148,Aarav_171,37.77,64.0,18.93,86190,Fremont,Analyst
18812,Shanaya_172,45.94,79.0,14.01,108987,Stonewall,Executive
21472,Vivaan_173,31.44,72.0,4.73,141767,Stonewall,Senior Manager
14160,Anika_174,24.54,70.0,2.89,113068,Carol Stream,Manager
57533,Rohan_175,46.38,70.0,19.46,82653,Fremont,Manager
70533,Ishaan_176,27.52,60.0,19.91,142041,Michigantown,Analyst
40444,Shanaya_177,51.76,74.0,23.98,100717,Carol Stream,Senior Manager
37172,Rohan_178,38.21,67.0,17.51,91307,Biloxi,Senior Manager
35155,Aditi_179,51.51,69.0,29.33,77449,Stonewall,Clerk
76693,Aditi_180,51.18,72.0,29.98,57650,Alma,Senior Manager
29896,Vivaan_181,23.01,73.0,21.92,137429,Detroit,Executive
93484,Aditi_182,35.48,,20.57,69337,Stonewall,Clerk
96524,Vivaan_183,25.4,67.0,28.3,122349,Detroit,Executive
19157,Priya_184,31.62,76.0,14.56,61998,Carol Stream,Senior Manager
25447,Ishaan_185,48.69,57.0,2.71,129842,Alma,Senior Manager
16259,Aarav_186,22.36,56.0,9.32,119388,Stonewall,Analyst
88521,Priya_187,41.84,62.0,4.17,153306,Detroit,Analyst
21501,Vivaan_188,51.59,,12.75,71535,Hydetown,Manager
70444,Shanaya_189,38.11,79.0,28.39,109404,Biloxi,Analyst
83591,Ishaan_190,31.87,63.0,2.26,58875,Fremont,Senior Manager
75743,Priya_191,50.3,82.0,9.45,128420,Alma,Clerk
37315,Aditi_192,29.76,66.0,21.82,113807,Alma,Clerk
38470,Vivaan_193,,55.0,17.6,67259,Detroit,Analyst
41985,Anika_194,34.09,,26.82,121997,Stonewall,Senior Manager
58666,Vivaan_195,50.99,63.0,5.72,156109,Alma,Executive
13832,Rohan_196,37.0,55.0,14.24,130646,Biloxi,Clerk
19258,Vivaan_197,33.53,81.0,16.05,142423,Detroit,Senior Manager
21147,Rohan_198,44.12,75.0,21.82,93815,Hydetown,Associate
38472,Vivaan_199,40.37,61.0,19.29,100300,Biloxi,Analyst
26188,Vivaan_200,42.05,55.0,28.65,89118,Fremont,Manager
31714,Aditi_201,40.92,56.0,17.08,93852,Hydetown,Associate
82679,Ishaan_202,31.84,71.0,12.29,108326,Stonewall,Executive
44825,Shanaya_203,45.82,66.0,6.37,118074,Detroit,Associate
18571,Priya_204,27.4,71.0,8.7,132543,Fremont,Executive
46626,Shanaya_205,39.58,,15.65,60162,Detroit,Senior Manager
74431,Priya_206,22.43,85.0,18.03,121097,Detroit,Associate
61297,Priya_207,46.71,63.0,22.9,58950,Stonewall,Executive
16278,Rohan_208,24.82,64.0,16.2,104795,Detroit,Clerk
37819,Aditi_209,39.36,68.0,7.01,82792,Stonewall,Executive
80050,Aarav_210,39.68,79.0,27.07,66527,Fremont,Analyst
23915,Aditi_211,43.98,58.0,6.59,87428,Fremont,Analyst
25829,Aarav_212,26.13,71.0,16.75,103714,Biloxi,Associate
47708,Rohan_213,38.3,70.0,12.31,158587,Carol Stream,Analyst
25055,Ishaan_214,41.79,69.0,15.18,76061,Biloxi,Senior Manager
74521,Anika_215,27.68,64.0,20.11,109831,Michigantown,Manager
34775,Priya_216,49.45,80.0,14.07,96904,Biloxi,Manager
40430,Priya_217,29.75,60.0,23.03,129512,Michigantown,Senior Manager
78039,Anika_218,24.61,56.0,1.24,80858,Hydetown,Associate
90850,Rohan_219,51.29,60.0,4.51,152422,Fremont,Executive
36578,Aditi_220,30.15,,17.73,98068,Michigantown,Manager
15517,Aditi_221,34.19,62.0,8.33,120184,Fremont,Senior Manager
13631,Anika_222,35.87,85.0,27.9,70309,Detroit,Analyst
79215,Anika_223,29.88,73.0,6.32,92374,Detroit,Associate
32247,Ishaan_224,49.73,82.0,27.9,128371,Detroit,Analyst
86912,Vivaan_225,,59.0,11.06,61908,Biloxi,Clerk
95431,Ishaan_226,27.92,60.0,26.22,57160,Detroit,Analyst
74665,Anika_227,38.92,75.0,27.03,63313,Fremont,Clerk
66569,Aditi_228,36.03,,28.5,123333,Biloxi,Associate
72554,Ishaan_229,40.7,58.0,27.71,74556,Stonewall,Executive
89453,Vivaan_230,32.42,78.0,25.08,99039,Michigantown,Clerk
22615,Aarav_231,24.43,73.0,5.48,143177,Detroit,Clerk
22152,Rohan_232,49.84,67.0,3.1,105664,Alma,Analyst
41788,Aditi_233,22.08,79.0,2.09,147165,Detroit,Associate
46748,Priya_234,31.55,82.0,26.25,134534,Alma,Associate
66991,Aditi_235,26.5,88.0,24.8,96366,Carol Stream,Manager
79850,Aarav_236,23.3,66.0,22.21,106012,Michigantown,Senior Manager
98655,Anika_237,32.85,69.0,14.87,128867,Biloxi,Senior Manager
36718,Aditi_238,41.56,,9.3,59698,Stonewall,Senior Manager
49358,Rohan_239,43.79,73.0,28.93,125398,Carol Stream,Clerk
41177,Vivaan_240,28.09,77.0,4.2,111948,Stonewall,Manager
56987,Ishaan_241,35.21,67.0,1.9,61206,Stonewall,Clerk
10236,Anika_242,42.98,60.0,1.8,120220,Alma,Manager
52669,Ishaan_243,36.55,82.0,3.21,85173,Detroit,Associate
37571,Rohan_244,34.42,83.0,11.83,74689,Biloxi,Manager
56181,Aditi_245,26.64,82.0,9.65,102506,Carol Stream,Manager
29312,Anika_246,42.44,71.0,12.62,132422,Stonewall,Associate
55028,Anika_247,35.07,60.0,6.12,62108,Michigantown,Clerk
24250,Anika_248,,68.0,3.41,64580,Fremont,Clerk
99043,Aditi_249,46.48,55.0,24.99,60549,Hydetown,Executive
12640,Aarav_250,23.7,84.0,24.1,130141,Detroit,Senior Manager
37808,Shanaya_251,23.77,62.0,26.55,91381,Alma,Senior Manager
28021,Rohan_252,49.37,83.0,7.93,85239,Alma,Analyst
33012,Shanaya_253,43.52,80.0,23.18,116654,Biloxi,Associate
58119,Rohan_254,51.94,74.0,29.6,65227,Detroit,Manager
44407,Rohan_255,25.09,64.0,24.02,106511,Hydetown,Manager
40256,Shanaya_256,48.99,85.0,17.88,81811,Fremont,Associate
34949,Aarav_257,46.22,61.0,1.61,77034,Hydetown,Manager
39618,Aditi_258,30.78,81.0,4.74,82167,Stonewall,Manager
23064,Priya_259,29.74,88.0,25.97,131102,Fremont,Senior Manager
89479,Aditi_260,26.24,74.0,16.66,78519,Detroit,Clerk
37424,Rohan_261,40.21,55.0,27.01,157954,Hydetown,Clerk
79518,Anika_262,32.54,85.0,19.06,62107,Carol Stream,Senior Manager
45617,Rohan_263,29.26,85.0,6.32,155022,Carol Stream,Analyst
64238,Priya_264,45.18,59.0,22.37,116134,Hydetown,Analyst
85208,Aarav_265,47.1,73.0,28.43,121811,Hydetown,Manager
43223,Anika_266,29.41,82.0,3.01,93546,Detroit,Associate
18778,Anika_267,28.76,62.0,21.59,129075,Hydetown,Clerk
70024,Aarav_268,38.92,64.0,4.61,95277,Fremont,Manager
11925,Rohan_269,39.35,60.0,24.56,67028,Detroit,Clerk
46881,Shanaya_270,25.64,,4.95,105229,Stonewall,Executive
12020,Ishaan_271,25.63,74.0,14.53,57889,Michigantown,Executive
22443,Vivaan_272,39.38,58.0,19.54,144565,Carol Stream,Clerk
47491,Shanaya_273,35.39,62.0,8.66,78583,Stonewall,Clerk
91803,Ishaan_274,22.46,58.0,1.42,84384,Carol Stream,Executive
76187,Aarav_275,39.37,77.0,14.92,79740,Stonewall,Clerk
99905,Aditi_276,45.83,59.0,24.8,125139,Michigantown,Manager
76426,Shanaya_277,42.53,67.0,9.1,124107,Biloxi,Executive
50125,Anika_278,38.58,80.0,9.53,85334,Fremont,Clerk
77842,Aditi_279,37.26,,8.13,117830,Alma,Associate
39411,Ishaan_280,33.36,72.0,7.28,157667,Alma,Clerk
58515,Aarav_281,50.16,64.0,27.39,62516,Stonewall,Manager
83646,Priya_282,44.1,76.0,19.17,138186,Fremont,Senior Manager
70163,Priya_283,27.81,64.0,18.41,136106,Biloxi,Analyst
77304,Vivaan_284,47.21,76.0,3.01,91642,Alma,Analyst
92510,Rohan_285,27.41,79.0,4.17,152578,Fremont,Clerk
18013,Anika_286,28.23,85.0,14.68,94052,Fremont,Analyst
20463,Aditi_287,44.31,,20.4,148506,Biloxi,Senior Manager
56707,Anika_288,30.54,,27.14,80627,Detroit,Analyst
65811,Ishaan_289,49.78,61.0,10.37,145500,Michigantown,Associate
40278,Rohan_290,32.76,57.0,20.35,94625,Michigantown,Clerk
64383,Vivaan_291,35.25,77.0,1.79,70526,Carol Stream,Analyst
51986,Vivaan_292,,83.0,4.55,113196,Carol Stream,Executive
78358,Aarav_293,47.96,88.0,17.53,130168,Alma,Executive
73305,Shanaya_294,27.35,,1.01,112243,Carol Stream,Senior Manager
81982,Priya_295,41.89,,27.16,78753,Carol Stream,Associate
96541,Anika_296,41.58,63.0,12.55,158263,Detroit,Clerk
88146,Ishaan_297,39.19,80.0,14.03,135968,Hydetown,Executive
24158,Vivaan_298,34.69,78.0,6.06,102394,Michigantown,Executive
30014,Aditi_299,31.25,57.0,3.76,64639,Detroit,Clerk
72239,Aarav_300,29.95,,17.99,95685,Carol Stream,Associate
24846,Shanaya_301,38.76,59.0,24.6,123084,Detroit,Senior Manager
20509,Priya_302,31.63,85.0,14.78,111013,Fremont,Executive
81757,Rohan_303,25.61,70.0,13.47,79899,Detroit,Clerk
35861,Rohan_304,31.6,83.0,25.8,117568,Stonewall,Clerk
60538,Priya_305,40.91,77.0,4.28,122635,Biloxi,Associate
39587,Rohan_306,45.98,70.0,18.28,115823,Biloxi,Executive
38710,Aarav_307,28.79,62.0,14.37,146762,Alma,Executive
49046,Ishaan_308,28.39,73.0,8.94,150195,Biloxi,Clerk
93558,Aditi_309,47.85,80.0,1.28,56234,Hydetown,Manager
28762,Shanaya_310,29.33,68.0,8.47,158284,Alma,Analyst
57502,Priya_311,32.35,77.0,18.41,134926,Michigantown,Senior Manager
51114,Rohan_312,33.47,65.0,4.7,60430,Stonewall,Analyst
10278,Vivaan_313,31.51,77.0,12.17,77935,Michigantown,Executive
20530,Ishaan_314,35.7,65.0,8.82,116740,Michigantown,Analyst
25219,Rohan_315,25.75,,7.85,136073,Alma,Senior Manager
75439,Shanaya_316,22.5,67.0,10.58,58192,Detroit,Manager
59410,Priya_317,50.71,56.0,20.84,69833,Michigantown,Manager
64133,Shanaya_318,38.12,61.0,13.96,88787,Alma,Executive
80237,Ishaan_319,36.57,76.0,5.55,92740,Detroit,Analyst
12655,Aditi_320,48.43,89.0,1.77,72988,Hydetown,Senior Manager
64508,Priya_321,45.11,76.0,14.49,152361,Michigantown,Associate
71385,Anika_322,30.06,,29.25,128346,Detroit,Senior Manager
93409,Aditi_323,24.78,,5.71,113718,Carol Stream,Analyst
56831,Rohan_324,25.54,69.0,14.11,74460,Carol Stream,Analyst
60104,Anika_325,35.29,,29.36,120873,Carol Stream,Senior Manager
45183,Priya_326,47.73,65.0,26.38,121616,Michigantown,Associate
98112,Anika_327,34.94,73.0,14.58,59407,Fremont,Associate
77713,Ishaan_328,33.23,62.0,20.75,145351,Biloxi,Executive
33796,Aditi_329,49.36,59.0,23.24,134504,Biloxi,Clerk
44951,Priya_330,43.75,68.0,29.23,82434,Fremont,Associate
36310,Priya_331,50.12,62.0,5.21,75173,Biloxi,Clerk
75592,Anika_332,35.38,64.0,16.58,109662,Detroit,Associate
82074,Aarav_333,30.61,66.0,12.35,95868,Carol Stream,Manager
78161,Anika_334,34.72,55.0,18.33,152777,Stonewall,Manager
43870,Vivaan_335,46.99,63.0,26.21,68880,Detroit,Clerk
46092,Priya_336,50.76,82.0,18.32,92735,Fremont,Analyst
92785,Priya_337,32.62,67.0,11.94,130341,Stonewall,Associate
67567,Aarav_338,46.63,67.0,3.1,152066,Carol Stream,Executive
74922,Priya_339,36.59,87.0,18.76,91924,Michigantown,Associate
73818,Vivaan_340,47.23,71.0,10.89,82871,Detroit,Executive
18428,Rohan_341,41.01,59.0,13.75,156002,Biloxi,Associate
99647,Rohan_342,36.27,56.0,24.87,63651,Michigantown,Clerk
83442,Anika_343,40.9,80.0,9.57,84775,Alma,Analyst
33218,Vivaan_344,47.25,89.0,29.01,159664,Fremont,Manager
21349,Shanaya_345,38.87,78.0,19.6,94284,Alma,Clerk
56680,Anika_346,42.44,71.0,9.05,111559,Hydetown,Clerk
96841,Shanaya_347,22.31,74.0,2.63,60256,Fremont,Executive
30559,Shanaya_348,50.15,64.0,29.16,85077,Hydetown,Executive
10545,Rohan_349,41.32,63.0,18.49,144543,Fremont,Manager
54747,Rohan_350,32.27,82.0,17.66,65399,Alma,Manager
13729,Aarav_351,45.81,73.0,28.08,114729,Carol Stream,Clerk
82742,Aarav_352,30.85,62.0,28.76,96079,Fremont,Manager
23428,Shanaya_353,41.7,69.0,15.95,137689,Hydetown,Associate
10501,Ishaan_354,29.14,75.0,23.16,141648,Michigantown,Senior Manager
73959,Shanaya_355,24.09,64.0,12.55,120281,Biloxi,Senior Manager
84818,Priya_356,46.37,88.0,13.08,68765,Carol Stream,Manager
46093,Ishaan_357,37.25,89.0,6.65,108481,Stonewall,Analyst
54449,Anika_358,48.09,89.0,7.8,127296,Hydetown,Senior Manager
14907,Ishaan_359,37.33,57.0,2.54,73517,Biloxi,Manager
48684,Rohan_360,48.29,,25.76,110123,Alma,Analyst
18690,Rohan_361,49.15,72.0,25.0,127514,Biloxi,Senior Manager
98465,Priya_362,46.07,58.0,7.29,70790,Detroit,Executive
88437,Shanaya_363,24.16,84.0,12.44,156413,Hydetown,Associate
97612,Ishaan_364,22.72,61.0,23.82,95701,Michigantown,Manager
82863,Anika_365,38.36,57.0,1.78,84699,Detroit,Manager
56252,Priya_366,47.59,71.0,27.07,124209,Stonewall,Senior Manager
96816,Vivaan_367,32.81,75.0,7.75,95837,Hydetown,Clerk
97202,Shanaya_368,24.1,78.0,18.89,102317,Biloxi,Analyst
97789,Aditi_369,26.24,68.0,5.79,108403,Michigantown,Associate
57735,Rohan_370,46.45,77.0,24.07,108872,Detroit,Clerk
18493,Aarav_371,26.99,71.0,13.51,154166,Biloxi,Associate
30129,Aarav_372,31.04,76.0,20.44,88981,Biloxi,Manager
60940,Rohan_373,35.02,75.0,18.82,136425,Michigantown,Executive
68132,Aditi_374,48.0,,21.08,70186,Hydetown,Manager
36173,Ishaan_375,46.09,79.0,1.52,126637,Stonewall,Senior Manager
75811,Priya_376,48.31,59.0,29.08,117123,Michigantown,Manager
78274,Shanaya_377,24.87,88.0,5.03,87290,Biloxi,Executive
49851,Aditi_378,33.43,89.0,12.42,124870,Stonewall,Senior Manager
21049,Aarav_379,,82.0,13.85,126487,Detroit,Senior Manager
40816,Rohan_380,32.08,74.0,14.23,61826,Stonewall,Analyst
74257,Aditi_381,47.51,68.0,6.04,74452,Fremont,Associate
20891,Priya_382,33.9,64.0,17.01,137533,Hydetown,Associate
19353,Shanaya_383,22.14,85.0,6.84,111323,Fremont,Manager
47763,Vivaan_384,37.78,72.0,3.0,120581,Biloxi,Executive
38190,Aarav_385,51.43,67.0,26.17,87423,Detroit,Manager
47482,Priya_386,26.14,76.0,23.53,156120,Hydetown,Clerk
24392,Ishaan_387,37.78,84.0,23.79,56494,Biloxi,Executive
90346,Aditi_388,44.27,67.0,2.12,135660,Hydetown,Associate
68141,Vivaan_389,,80.0,29.61,118899,Stonewall,Executive
34270,Rohan_390,44.46,74.0,29.6,78162,Fremont,Associate
84050,Rohan_391,37.16,61.0,16.77,68184,Carol Stream,Manager
87162,Aditi_392,41.29,,18.7,82866,Hydetown,Manager
13788,Rohan_393,45.83,55.0,6.92,66144,Carol Stream,Clerk
11525,Anika_394,44.56,79.0,21.85,102725,Stonewall,Senior Manager
32730,Aarav_395,40.98,61.0,21.11,125956,Stonewall,Analyst
69611,Aditi_396,,74.0,2.88,134057,Michigantown,Manager
71544,Shanaya_397,45.69,68.0,6.11,90738,Fremont,Associate
75412,Shanaya_398,27.86,76.0,29.49,110155,Detroit,Clerk
60644,Aarav_399,45.38,67.0,5.32,64622,Detroit,Analyst
46151,Shanaya_400,29.0,81.0,4.37,137701,Alma,Executive
20106,Ishaan_401,33.91,65.0,16.22,113101,Michigantown,Associate
86133,Rohan_402,30.47,71.0,3.0,114161,Alma,Clerk
96241,Anika_403,29.96,64.0,4.3,80562,Stonewall,Senior Manager
49872,Vivaan_404,48.36,71.0,28.72,109968,Michigantown,Clerk
76338,Anika_405,32.84,73.0,19.91,103335,Alma,Executive
91916,Aarav_406,46.23,,6.28,69384,Michigantown,Clerk
46148,Rohan_407,50.84,55.0,17.49,140825,Alma,Analyst
14350,Anika_408,22.11,73.0,3.73,159534,Detroit,Clerk
21229,Vivaan_409,44.97,65.0,26.52,100708,Stonewall,Senior Manager
33903,Ishaan_410,,84.0,14.64,86294,Detroit,Executive
91879,Aditi_411,41.36,84.0,15.05,85453,Fremont,Senior Manager
80605,Aarav_412,48.4,56.0,12.49,80948,Fremont,Associate
80065,Aarav_413,33.37,78.0,23.37,57395,Biloxi,Analyst
41224,Aarav_414,41.93,89.0,3.02,67264,Hydetown,Executive
38512,Priya_415,40.19,88.0,20.68,73188,Fremont,Executive
35326,Priya_416,43.17,85.0,20.7,57305,Michigantown,Senior Manager
64974,Aarav_417,29.45,81.0,15.69,109400,Hydetown,Manager
18901,Rohan_418,41.5,75.0,8.88,157732,Stonewall,Manager
18438,Vivaan_419,46.54,63.0,12.28,131891,Michigantown,Clerk
78527,Aarav_420,24.69,63.0,29.34,57450,Carol Stream,Associate
20798,Vivaan_421,42.25,73.0,3.73,86363,Hydetown,Analyst
43177,Vivaan_422,29.05,68.0,27.23,84014,Fremont,Executive
89776,Anika_423,28.57,71.0,4.56,151172,Biloxi,Associate
20652,Ishaan_424,39.1,81.0,2.07,101486,Hydetown,Associate
78519,Ishaan_425,25.6,77.0,27.97,75819,Fremont,Senior Manager
25623,Aditi_426,49.75,56.0,24.06,59153,Alma,Manager
90677,Aarav_427,,,10.61,125893,Carol Stream,Senior Manager
25704,Aditi_428,41.95,56.0,27.08,145514,Stonewall,Executive
64376,Priya_429,26.83,61.0,1.82,157463,Detroit,Analyst
53776,Ishaan_430,41.53,56.0,20.12,119167,Alma,Manager
45650,Ishaan_431,23.81,80.0,12.48,123345,Detroit,Associate
99886,Aarav_432,33.95,61.0,29.85,145956,Hydetown,Manager
16595,Anika_433,48.41,88.0,13.71,151926,Fremont,Manager
82164,Rohan_434,22.8,73.0,3.66,127185,Detroit,Senior Manager
85905,Shanaya_435,23.32,58.0,10.81,128506,Alma,Manager
95363,Vivaan_436,45.39,,27.76,74933,Michigantown,Associate
46792,Rohan_437,49.95,83.0,2.9,110839,Detroit,Analyst
91770,Anika_438,35.95,65.0,6.4,74178,Hydetown,Manager
54997,Rohan_439,26.97,70.0,20.34,90647,Alma,Executive
91957,Priya_440,24.91,75.0,23.13,71570,Stonewall,Senior Manager
89043,Shanaya_441,27.34,76.0,9.73,152746,Carol Stream,Senior Manager
19181,Rohan_442,34.01,82.0,14.03,144132,Fremont,Executive
64493,Ishaan_443,,66.0,14.63,149528,Carol Stream,Analyst
96173,Shanaya_444,43.45,66.0,23.07,65673,Detroit,Analyst
99982,Rohan_445,23.35,83.0,26.72,61838,Carol Stream,Clerk
58073,Anika_446,40.3,78.0,7.59,73261,Fremont,Executive
16783,Priya_447,34.28,67.0,6.89,124961,Stonewall,Clerk
56086,Aditi_448,32.83,88.0,22.51,151780,Biloxi,Analyst
21682,Priya_449,29.73,,21.69,109197,Fremont,Associate
72573,Aditi_450,40.28,89.0,8.42,132117,Carol Stream,Associate
27376,Priya_451,42.21,81.0,23.19,139784,Hydetown,Clerk
38860,Aarav_452,48.63,80.0,29.84,131681,Stonewall,Senior Manager
21005,Shanaya_453,43.49,70.0,12.78,70118,Fremont,Executive
89324,Priya_454,41.73,74.0,20.98,94466,Alma,Senior Manager
69138,Anika_455,41.26,76.0,2.71,105056,Stonewall,Clerk
70555,Rohan_456,43.88,58.0,14.13,121580,Detroit,Associate
26864,Shanaya_457,23.67,87.0,8.41,141603,Fremont,Clerk
49409,Aditi_458,50.67,61.0,25.94,61416,Michigantown,Analyst
44835,Anika_459,35.64,55.0,17.23,110115,Alma,Analyst
79010,Ishaan_460,27.73,86.0,3.06,95806,Fremont,Clerk
45148,Aditi_461,42.75,72.0,4.18,131777,Michigantown,Executive
87500,Rohan_462,48.53,79.0,13.23,106869,Alma,Clerk
15470,Shanaya_463,38.94,59.0,4.81,147719,Hydetown,Analyst
46761,Shanaya_464,31.78,80.0,14.59,60125,Detroit,Senior Manager
52788,Aditi_465,23.89,85.0,20.37,83658,Biloxi,Analyst
83770,Aarav_466,51.9,70.0,13.68,98686,Hydetown,Analyst
56969,Rohan_467,49.98,,11.19,145989,Detroit,Manager
38753,Aditi_468,35.55,65.0,23.93,149401,Fremont,Associate
42944,Aditi_469,31.26,89.0,11.26,138215,Michigantown,Executive
69215,Vivaan_470,51.63,68.0,25.29,133523,Detroit,Analyst
71286,Priya_471,36.41,88.0,4.5,69734,Biloxi,Clerk
15415,Aarav_472,42.49,72.0,25.61,57302,Detroit,Executive
90306,Aarav_473,42.61,84.0,23.84,148903,Alma,Executive
90113,Aarav_474,37.21,83.0,14.57,94243,Fremont,Executive
35148,Shanaya_475,,79.0,26.76,118824,Michigantown,Manager
25490,Priya_476,34.59,78.0,8.33,130729,Carol Stream,Executive
24921,Aarav_477,25.14,85.0,23.4,111205,Fremont,Executive
65423,Ishaan_478,33.19,58.0,17.27,107249,Carol Stream,Clerk
11916,Vivaan_479,29.36,60.0,10.57,109505,Detroit,Senior Manager
88037,Vivaan_480,29.99,59.0,23.64,150164,Michigantown,Clerk
70747,Aarav_481,27.28,77.0,18.28,56352,Alma,Manager
48386,Anika_482,45.4,89.0,11.12,127749,Detroit,Clerk
74698,Ishaan_483,47.87,79.0,1.73,78884,Stonewall,Manager
27548,Ishaan_484,43.29,76.0,24.26,152321,Alma,Manager
66251,Aditi_485,38.67,62.0,23.08,125213,Hydetown,Associate
41719,Rohan_486,33.19,61.0,22.66,114225,Michigantown,Senior Manager
69979,Ishaan_487,48.75,82.0,3.37,56092,Stonewall,Manager
68343,Rohan_488,43.25,60.0,9.74,72317,Alma,Clerk
30597,Aarav_489,51.08,83.0,17.52,113650,Fremont,Associate
75425,Anika_490,41.72,67.0,5.67,111965,Carol Stream,Senior Manager
62975,Shanaya_491,26.17,67.0,16.53,89444,Michigantown,Clerk
71819,Priya_492,29.27,57.0,21.67,84982,Biloxi,Analyst
18888,Rohan_493,45.47,59.0,16.15,65255,Biloxi,Clerk
39400,Priya_494,45.22,65.0,28.05,120087,Biloxi,Manager
90310,Shanaya_495,28.37,79.0,13.72,118154,Fremont,Manager
45417,Rohan_496,39.04,80.0,25.71,58246,Biloxi,Executive
58047,Anika_497,46.58,,16.26,71902,Fremont,Executive
44130,Rohan_498,50.37,89.0,4.47,105880,Detroit,Associate
68954,Shanaya_499,36.1,58.0,17.98,93968,Hydetown,Clerk
95676,Vivaan_500,29.11,81.0,6.23,116247,Hydetown,Manager
95270,Vivaan_501,41.69,70.0,16.85,104695,Hydetown,Senior Manager
48866,Aarav_502,23.81,65.0,15.76,66178,Carol Stream,Senior Manager
45385,Vivaan_503,42.2,65.0,11.93,110061,Detroit,Executive
37544,Shanaya_504,24.46,71.0,14.3,84007,Michigantown,Associate
18652,Anika_505,44.38,69.0,7.41,80891,Biloxi,Executive
10778,Aditi_506,35.72,73.0,24.94,119831,Stonewall,Manager
90839,Anika_507,39.53,67.0,13.24,130449,Alma,Analyst
79464,Shanaya_508,32.05,70.0,21.06,105216,Stonewall,Senior Manager
37272,Vivaan_509,46.15,64.0,14.63,112486,Detroit,Manager
54585,Shanaya_510,30.23,60.0,2.88,73797,Hydetown,Manager
21931,Aarav_511,39.13,67.0,7.82,135820,Stonewall,Manager
71235,Aditi_512,24.87,69.0,22.13,110220,Alma,Manager
92293,Aditi_513,,55.0,1.88,113656,Carol Stream,Executive
16230,Shanaya_514,50.3,85.0,29.84,99537,Detroit,Analyst
97640,Priya_515,,73.0,6.36,71267,Hydetown,Associate
46873,Priya_516,26.72,56.0,11.51,80539,Biloxi,Analyst
31347,Aditi_517,49.8,77.0,10.65,137199,Detroit,Clerk
43308,Aarav_518,37.89,71.0,25.1,143877,Michigantown,Analyst
91246,Anika_519,48.46,88.0,28.14,157376,Michigantown,Associate
73131,Shanaya_520,46.92,89.0,9.48,87510,Michigantown,Executive
10375,Ishaan_521,22.04,85.0,16.24,121144,Stonewall,Executive
14313,Vivaan_522,40.18,65.0,11.27,114483,Hydetown,Executive
39680,Rohan_523,,69.0,2.14,132694,Alma,Senior Manager
83667,Priya_524,37.72,82.0,20.58,124432,Michigantown,Associate
15207,Aarav_525,43.1,58.0,16.31,149161,Hydetown,Clerk
15693,Vivaan_526,47.56,74.0,20.27,93083,Carol Stream,Analyst
42822,Vivaan_527,32.52,72.0,26.9,72241,Detroit,Associate
91177,Vivaan_528,51.96,86.0,16.25,104184,Hydetown,Clerk
27429,Ishaan_529,46.14,81.0,10.15,67758,Detroit,Associate
99317,Vivaan_530,22.56,58.0,23.77,103561,Stonewall,Manager
45779,Ishaan_531,40.61,,6.01,92969,Carol Stream,Clerk
46220,Rohan_532,23.01,81.0,2.02,134378,Hydetown,Manager
11049,Shanaya_533,27.23,,29.89,133992,Carol Stream,Analyst
38089,Ishaan_534,22.11,87.0,29.27,102567,Carol Stream,Clerk
41263,Ishaan_535,,,7.1,73468,Biloxi,Senior Manager
71473,Rohan_536,32.84,69.0,2.13,111747,Fremont,Senior Manager
16436,Shanaya_537,43.41,89.0,24.42,76052,Hydetown,Executive
60005,Aditi_538,25.94,66.0,6.56,156318,Alma,Analyst
10885,Shanaya_539,23.72,59.0,22.06,56991,Detroit,Associate
69379,Aditi_540,,83.0,9.37,69277,Alma,Executive
27235,Vivaan_541,25.92,82.0,25.15,156400,Hydetown,Associate
90159,Rohan_542,49.95,57.0,7.18,122981,Fremont,Analyst
93429,Ishaan_543,23.31,83.0,3.88,122978,Alma,Associate
18854,Aarav_544,27.91,,25.23,97289,Stonewall,Senior Manager
12967,Anika_545,45.77,62.0,27.69,63851,Hydetown,Senior Manager
65551,Anika_546,48.24,82.0,1.89,60133,Michigantown,Clerk
61969,Rohan_547,40.4,58.0,6.01,57576,Michigantown,Analyst
87864,Aarav_548,31.76,68.0,14.61,146423,Alma,Analyst
93046,Priya_549,45.12,61.0,6.74,85757,Alma,Senior Manager
48500,Shanaya_550,27.73,64.0,17.01,138781,Carol Stream,Senior Manager
95145,Aarav_551,,81.0,28.28,70878,Detroit,Clerk
95986,Vivaan_552,39.31,66.0,5.44,94544,Stonewall,Manager
17857,Aarav_553,,80.0,2.57,86918,Alma,Clerk
33079,Rohan_554,24.08,84.0,5.35,73778,Stonewall,Executive
16426,Aarav_555,30.68,68.0,3.88,108619,Fremont,Manager
10728,Ishaan_556,39.02,,28.98,105032,Michigantown,Senior Manager
28754,Vivaan_557,,73.0,19.17,137644,Biloxi,Associate
25375,Anika_558,34.2,80.0,14.89,102078,Fremont,Associate
95361,Ishaan_559,29.18,76.0,17.11,82342,Biloxi,Analyst
83828,Rohan_560,43.53,63.0,11.6,87035,Hydetown,Executive
78945,Aarav_561,51.47,67.0,9.33,105078,Carol Stream,Clerk
71153,Aarav_562,42.78,,10.21,62741,Stonewall,Clerk
65372,Ishaan_563,25.73,84.0,8.53,134545,Biloxi,Associate
19628,Aditi_564,49.99,,9.78,119396,Hydetown,Associate
88402,Aditi_565,24.57,61.0,5.22,125640,Biloxi,Clerk
72665,Priya_566,29.79,67.0,12.29,125592,Carol Stream,Executive
40424,Aarav_567,,,26.8,114640,Alma,Analyst
80790,Ishaan_568,43.45,69.0,12.56,116672,Michigantown,Analyst
94899,Shanaya_569,28.87,89.0,1.51,155693,Fremont,Analyst
15189,Aarav_570,25.49,55.0,23.57,74102,Carol Stream,Associate
36579,Aditi_571,27.9,83.0,7.43,130939,Alma,Associate
91545,Anika_572,39.09,81.0,26.12,89035,Detroit,Executive
85155,Rohan_573,,89.0,25.18,101791,Stonewall,Associate
24070,Ishaan_574,44.6,,20.66,139311,Biloxi,Analyst
26106,Anika_575,29.19,65.0,9.82,138419,Alma,Analyst
85435,Aditi_576,27.64,72.0,17.09,156775,Detroit,Senior Manager
79031,Priya_577,,78.0,12.28,89555,Michigantown,Analyst
55517,Shanaya_578,,74.0,13.55,87589,Hydetown,Associate
67116,Rohan_579,31.9,,25.92,120516,Carol Stream,Executive
37176,Anika_580,44.07,62.0,14.32,101113,Michigantown,Senior Manager
14689,Ishaan_581,49.79,89.0,24.29,100703,Detroit,Analyst
13483,Rohan_582,40.93,56.0,24.07,135687,Hydetown,Clerk
95788,Anika_583,25.53,87.0,7.94,65725,Carol Stream,Analyst
20897,Priya_584,47.23,77.0,6.94,105779,Stonewall,Manager
84240,Aarav_585,48.45,80.0,26.61,62517,Michigantown,Analyst
80863,Shanaya_586,46.04,67.0,20.2,84135,Detroit,Associate
16469,Priya_587,41.72,68.0,11.69,61658,Hydetown,Senior Manager
96797,Aditi_588,29.68,89.0,21.94,124145,Detroit,Manager
13944,Aarav_589,40.43,78.0,13.59,78588,Hydetown,Executive
19752,Ishaan_590,39.96,78.0,2.62,143974,Stonewall,Analyst
92291,Shanaya_591,23.08,70.0,2.59,119204,Biloxi,Executive
47559,Vivaan_592,48.75,57.0,19.52,128580,Alma,Executive
60004,Shanaya_593,44.76,56.0,15.51,99448,Alma,Analyst
69444,Aditi_594,36.89,72.0,13.44,120750,Detroit,Associate
52674,Aditi_595,23.87,74.0,23.45,89858,Hydetown,Analyst
68257,Aditi_596,23.74,76.0,24.3,123520,Carol Stream,Analyst
35997,Anika_597,48.73,69.0,24.42,83275,Detroit,Analyst
73078,Rohan_598,41.35,87.0,22.79,149040,Carol Stream,Analyst
48698,Rohan_599,49.21,82.0,8.87,69479,Biloxi,Analyst
52785,Aarav_600,45.56,82.0,15.09,127778,Detroit,Associate
80430,Vivaan_601,,88.0,6.92,122904,Michigantown,Clerk
34744,Aarav_602,36.81,78.0,22.29,103822,Biloxi,Associate
78495,Vivaan_603,31.77,62.0,6.06,124004,Alma,Senior Manager
28999,Aditi_604,,57.0,4.91,113295,Carol Stream,Associate
98021,Aditi_605,45.57,,18.73,104691,Hydetown,Senior Manager
60334,Aditi_606,,71.0,22.17,115847,Hydetown,Associate
72992,Aditi_607,47.54,80.0,23.98,137104,Biloxi,Associate
25883,Anika_608,51.26,56.0,29.04,73231,Detroit,Analyst
73489,Rohan_609,30.41,89.0,7.0,158566,Biloxi,Associate
15826,Anika_610,44.54,81.0,12.85,67984,Fremont,Executive
42285,Ishaan_611,30.88,67.0,4.75,140266,Detroit,Manager
63650,Aarav_612,42.97,86.0,17.79,141077,Alma,Manager
16456,Shanaya_613,27.51,83.0,2.95,60273,Stonewall,Executive
19223,Vivaan_614,27.55,85.0,29.84,65953,Carol Stream,Executive
57075,Aarav_615,48.91,86.0,25.44,129355,Hydetown,Manager
53323,Aditi_616,45.06,,28.61,135316,Carol Stream,Senior Manager
70757,Aditi_617,36.47,,12.7,151609,Hydetown,Manager
42568,Aditi_618,29.13,74.0,29.88,137406,Fremont,Clerk
77814,Priya_619,25.25,75.0,5.16,150545,Fremont,Executive
63201,Priya_620,47.92,76.0,28.19,148173,Alma,Manager
13307,Shanaya_621,40.91,68.0,13.98,112135,Biloxi,Analyst
24485,Aarav_622,22.05,56.0,6.25,105440,Hydetown,Manager
53679,Aarav_623,45.58,89.0,1.52,99293,Michigantown,Analyst
89974,Rohan_624,23.78,56.0,4.27,123853,Hydetown,Executive
66089,Aarav_625,38.82,85.0,23.53,95962,Detroit,Senior Manager
90720,Rohan_626,48.12,66.0,16.82,109902,Alma,Senior Manager
89914,Ishaan_627,46.47,61.0,22.8,153842,Michigantown,Senior Manager
90395,Shanaya_628,39.06,61.0,21.37,95700,Biloxi,Senior Manager
87408,Ishaan_629,38.0,58.0,23.35,159472,Detroit,Clerk
37580,Ishaan_630,28.31,74.0,23.69,117711,Hydetown,Senior Manager
76899,Priya_631,37.52,64.0,22.47,131405,Carol Stream,Senior Manager
47342,Anika_632,40.17,64.0,6.57,112718,Hydetown,Analyst
65611,Shanaya_633,34.46,55.0,15.87,75004,Detroit,Senior Manager
22658,Anika_634,26.48,58.0,6.04,74893,Alma,Senior Manager
19627,Anika_635,34.65,58.0,19.4,119973,Alma,Analyst
59258,Ishaan_636,36.97,85.0,21.61,106162,Carol Stream,Executive
37553,Aarav_637,,60.0,14.04,79218,Alma,Associate
35936,Rohan_638,32.42,62.0,18.21,69602,Detroit,Analyst
22155,Priya_639,23.66,66.0,26.12,61584,Michigantown,Manager
91672,Priya_640,33.09,56.0,9.71,146342,Detroit,Analyst
37076,Aditi_641,28.32,84.0,13.46,74350,Biloxi,Associate
99311,Vivaan_642,,67.0,12.42,142971,Alma,Manager
83204,Aditi_643,25.44,89.0,8.76,121654,Michigantown,Analyst
45533,Priya_644,49.28,,21.03,153227,Hydetown,Clerk
63887,Aarav_645,39.9,71.0,2.03,101342,Carol Stream,Analyst
24524,Aarav_646,39.16,69.0,26.68,111670,Fremont,Senior Manager
66555,Aarav_647,34.85,87.0,18.37,153237,Stonewall,Senior Manager
32713,Aditi_648,30.03,,11.63,153073,Fremont,Analyst
92479,Aarav_649,26.43,63.0,15.87,143532,Michigantown,Associate
62570,Ishaan_650,36.93,77.0,2.24,63615,Michigantown,Associate
50227,Vivaan_651,38.67,57.0,4.39,156844,Michigantown,Executive
41759,Priya_652,24.29,57.0,23.33,143243,Fremont,Associate
50068,Ishaan_653,22.92,63.0,16.14,111353,Detroit,Senior Manager
38343,Aditi_654,29.24,76.0,17.95,62404,Fremont,Clerk
48996,Aarav_655,28.83,80.0,13.06,100847,Carol Stream,Executive
13092,Priya_656,30.41,73.0,5.35,101435,Michigantown,Senior Manager
65519,Shanaya_657,37.01,66.0,16.12,150609,Carol Stream,Associate
25722,Shanaya_658,43.73,86.0,23.36,61042,Carol Stream,Analyst
76868,Vivaan_659,31.42,59.0,7.75,128273,Michigantown,Clerk
96849,Aarav_660,50.64,62.0,10.19,93809,Detroit,Manager
41645,Rohan_661,48.78,57.0,13.07,121933,Detroit,Senior Manager
21395,Priya_662,26.13,81.0,10.59,56805,Stonewall,Executive
72110,Ishaan_663,46.85,56.0,20.22,101859,Carol Stream,Executive
23533,Anika_664,24.16,71.0,6.69,61350,Fremont,Analyst
43275,Priya_665,35.5,60.0,26.48,136408,Hydetown,Manager
27139,Shanaya_666,45.82,61.0,29.91,105299,Biloxi,Clerk
16861,Aditi_667,45.46,62.0,15.58,121191,Michigantown,Manager
42859,Aarav_668,37.55,82.0,17.82,60434,Detroit,Analyst
92916,Ishaan_669,41.97,63.0,13.94,70359,Carol Stream,Associate
10693,Aarav_670,32.64,72.0,6.78,124127,Michigantown,Associate
10359,Aditi_671,26.63,71.0,11.69,150289,Hydetown,Analyst
43390,Aarav_672,31.4,59.0,27.3,124597,Fremont,Executive
13254,Vivaan_673,36.04,68.0,28.61,155411,Fremont,Clerk
95277,Priya_674,33.87,62.0,3.24,65667,Fremont,Senior Manager
41250,Shanaya_675,35.0,59.0,28.37,115076,Biloxi,Manager
36191,Aarav_676,50.02,77.0,3.82,86893,Alma,Executive
90296,Aarav_677,31.37,82.0,16.39,119140,Biloxi,Clerk
97294,Vivaan_678,29.31,81.0,21.23,85146,Michigantown,Analyst
18646,Aditi_679,32.08,75.0,25.0,96694,Hydetown,Analyst
45457,Priya_680,35.31,55.0,2.96,114112,Hydetown,Manager
80458,Anika_681,38.68,81.0,16.92,126634,Michigantown,Manager
96385,Anika_682,49.0,72.0,23.67,127706,Stonewall,Senior Manager
81951,Aditi_683,50.54,75.0,15.29,114036,Alma,Manager
75606,Ishaan_684,43.75,69.0,10.57,145415,Fremont,Associate
11938,Shanaya_685,48.78,,25.31,62310,Carol Stream,Manager
97668,Aarav_686,41.12,71.0,5.8,98644,Fremont,Clerk
43043,Aditi_687,37.0,77.0,7.03,100705,Biloxi,Executive
64541,Rohan_688,28.18,74.0,9.36,111840,Detroit,Senior Manager
80221,Priya_689,,74.0,8.02,156440,Stonewall,Manager
33117,Vivaan_690,24.55,80.0,6.7,134853,Biloxi,Clerk
92085,Anika_691,31.52,71.0,22.31,60752,Biloxi,Clerk
38647,Aarav_692,34.78,86.0,23.55,114585,Carol Stream,Manager
98249,Aarav_693,41.04,83.0,12.0,86703,Hydetown,Manager
32195,Shanaya_694,25.53,64.0,23.5,142486,Carol Stream,Clerk
45018,Shanaya_695,34.21,72.0,17.12,116608,Detroit,Senior Manager
71313,Aditi_696,38.7,64.0,22.9,100068,Michigantown,Executive
74197,Priya_697,22.76,76.0,6.98,123242,Michigantown,Senior Manager
17355,Shanaya_698,43.7,75.0,10.04,122665,Carol Stream,Associate
73471,Aarav_699,47.04,77.0,7.12,91358,Alma,Associate
92326,Priya_700,36.19,74.0,8.57,62654,Alma,Clerk
97419,Ishaan_701,34.91,60.0,22.02,120883,Biloxi,Executive
58527,Shanaya_702,36.85,,17.91,58916,Carol Stream,Senior Manager
52249,Priya_703,41.7,77.0,23.09,58424,Michigantown,Analyst
84983,Anika_704,47.89,89.0,1.05,129044,Biloxi,Manager
59998,Shanaya_705,46.32,64.0,10.95,56392,Carol Stream,Senior Manager
14983,Aarav_706,33.77,83.0,14.55,156030,Detroit,Executive
96548,Rohan_707,35.94,76.0,22.07,56752,Fremont,Senior Manager
88824,Vivaan_708,48.01,70.0,2.15,76767,Carol Stream,Senior Manager
99444,Vivaan_709,27.93,59.0,5.8,153252,Hydetown,Executive
33154,Aarav_710,39.13,73.0,17.94,145267,Detroit,Analyst
43712,Aarav_711,26.59,63.0,14.78,157761,Michigantown,Executive
75619,Aditi_712,41.08,70.0,3.41,113326,Biloxi,Senior Manager
56828,Aarav_713,40.41,60.0,3.69,89297,Hydetown,Senior Manager
68090,Shanaya_714,45.2,72.0,28.3,130151,Biloxi,Analyst
43758,Vivaan_715,39.24,77.0,6.54,73891,Stonewall,Associate
19400,Priya_716,43.56,81.0,2.84,65535,Carol Stream,Associate
15347,Aditi_717,49.0,61.0,1.51,124078,Michigantown,Analyst
60987,Shanaya_718,45.0,,17.15,136959,Fremont,Associate
62124,Aditi_719,24.36,67.0,17.29,100228,Alma,Senior Manager
92958,Anika_720,25.47,66.0,7.79,63172,Stonewall,Clerk
20325,Ishaan_721,29.68,,29.24,78962,Hydetown,Executive
12794,Shanaya_722,33.78,69.0,11.15,143417,Alma,Associate
38765,Aditi_723,37.64,67.0,9.59,132429,Michigantown,Analyst
38314,Aditi_724,36.81,67.0,20.57,124665,Hydetown,Clerk
54887,Vivaan_725,43.01,82.0,21.83,115084,Detroit,Clerk
59372,Aarav_726,22.04,62.0,6.43,78981,Stonewall,Clerk
53662,Aarav_727,43.0,67.0,16.15,65771,Biloxi,Analyst
22530,Priya_728,29.09,79.0,25.26,57105,Hydetown,Associate
74708,Shanaya_729,33.9,79.0,24.82,56191,Biloxi,Manager
13745,Rohan_730,28.93,77.0,28.96,85734,Hydetown,Clerk
99649,Anika_731,32.65,74.0,8.22,133077,Detroit,Associate
71149,Aarav_732,41.86,59.0,29.58,59603,Fremont,Senior Manager
67713,Anika_733,24.02,87.0,10.73,100806,Carol Stream,Executive
33980,Shanaya_734,51.05,66.0,10.78,107125,Detroit,Analyst
87772,Aarav_735,27.73,66.0,16.78,101068,Hydetown,Manager
54199,Aditi_736,46.13,68.0,3.24,117757,Alma,Manager
71541,Vivaan_737,45.61,89.0,19.81,126461,Biloxi,Manager
35811,Anika_738,32.24,74.0,2.48,142375,Michigantown,Clerk
63567,Priya_739,23.8,80.0,12.49,113901,Hydetown,Executive
46025,Priya_740,51.99,88.0,6.04,97004,Hydetown,Analyst
96891,Vivaan_741,38.95,58.0,1.86,145369,Biloxi,Senior Manager
22079,Rohan_742,51.77,70.0,22.37,101502,Detroit,Manager
25117,Aarav_743,40.61,55.0,26.99,130854,Alma,Associate
64209,Vivaan_744,41.8,55.0,20.92,100417,Fremont,Manager
14511,Aditi_745,35.29,,29.04,113611,Carol Stream,Clerk
83118,Priya_746,31.7,,1.73,130333,Michigantown,Senior Manager
38958,Ishaan_747,36.9,89.0,28.43,95318,Biloxi,Manager
67891,Rohan_748,24.59,89.0,27.62,102582,Alma,Analyst
75960,Anika_749,26.61,64.0,19.21,134279,Detroit,Clerk
47486,Priya_750,48.16,,6.99,66225,Stonewall,Clerk
21774,Aarav_751,29.05,84.0,15.57,139629,Alma,Analyst
29236,Anika_752,41.65,57.0,16.01,110051,Hydetown,Clerk
72269,Anika_753,48.8,58.0,12.22,124924,Biloxi,Manager
25018,Vivaan_754,50.69,56.0,6.03,66072,Stonewall,Associate
31601,Ishaan_755,32.36,62.0,16.79,113342,Michigantown,Associate
12891,Shanaya_756,,78.0,1.61,76643,Alma,Manager
22281,Shanaya_757,41.81,77.0,9.84,78468,Stonewall,Clerk
28440,Shanaya_758,41.84,81.0,4.13,123342,Biloxi,Clerk
41573,Shanaya_759,22.8,,12.8,128939,Fremont,Executive
69005,Ishaan_760,35.09,74.0,19.72,132206,Fremont,Associate
46028,Shanaya_761,26.57,68.0,11.88,89447,Fremont,Senior Manager
37271,Vivaan_762,35.01,85.0,27.75,136851,Michigantown,Analyst
10354,Anika_763,26.36,70.0,26.24,91011,Carol Stream,Senior Manager
91323,Vivaan_764,39.67,83.0,4.79,135012,Carol Stream,Clerk
26562,Aditi_765,22.85,85.0,25.63,68705,Detroit,Manager
51285,Shanaya_766,50.83,74.0,9.44,114758,Fremont,Associate
22411,Priya_767,41.03,87.0,28.4,72367,Carol Stream,Associate
85833,Aditi_768,28.28,68.0,12.72,156594,Hydetown,Analyst
80202,Aditi_769,48.82,,18.26,152047,Alma,Clerk
86519,Aditi_770,35.23,68.0,16.54,113092,Stonewall,Analyst
35193,Priya_771,28.04,73.0,5.42,60629,Hydetown,Manager
88550,Anika_772,23.95,73.0,9.87,105444,Stonewall,Senior Manager
92436,Rohan_773,51.02,65.0,17.67,71671,Fremont,Manager
65314,Shanaya_774,39.76,78.0,22.96,141211,Detroit,Analyst
61506,Priya_775,29.01,86.0,13.64,67644,Hydetown,Analyst
31317,Ishaan_776,50.51,88.0,26.55,98739,Alma,Manager
99681,Aarav_777,35.33,75.0,17.71,129863,Stonewall,Analyst
36064,Rohan_778,51.95,68.0,5.01,76082,Biloxi,Executive
13336,Ishaan_779,26.72,62.0,27.57,118313,Fremont,Senior Manager
99307,Anika_780,27.67,85.0,29.14,86530,Carol Stream,Executive
30297,Vivaan_781,43.4,88.0,23.46,57726,Alma,Associate
37301,Anika_782,40.07,60.0,2.12,133555,Hydetown,Manager
63995,Rohan_783,37.58,84.0,18.73,159014,Michigantown,Senior Manager
21672,Aarav_784,46.37,72.0,20.11,140587,Stonewall,Manager
41278,Aarav_785,27.38,55.0,20.19,154197,Fremont,Clerk
88966,Ishaan_786,37.3,78.0,23.0,123469,Stonewall,Associate
15877,Priya_787,31.58,67.0,13.95,93998,Biloxi,Clerk
52853,Aarav_788,50.24,79.0,28.64,69807,Hydetown,Analyst
52823,Aarav_789,24.13,76.0,4.66,83292,Biloxi,Executive
92384,Aditi_790,30.65,88.0,12.68,141496,Hydetown,Clerk
61533,Anika_791,36.19,66.0,9.84,150686,Hydetown,Analyst
89489,Aarav_792,36.16,81.0,20.39,65567,Michigantown,Associate
88420,Priya_793,49.42,58.0,17.98,140190,Alma,Analyst
79579,Aarav_794,,74.0,2.39,98130,Detroit,Manager
88051,Aarav_795,34.45,74.0,9.27,140554,Fremont,Manager
63796,Vivaan_796,39.75,68.0,28.06,72908,Detroit,Analyst
79032,Aarav_797,30.27,80.0,2.16,151846,Stonewall,Analyst
14513,Priya_798,,66.0,6.41,116140,Alma,Senior Manager
61712,Rohan_799,25.56,84.0,2.72,64315,Biloxi,Clerk
57395,Rohan_800,23.02,60.0,24.01,126322,Detroit,Clerk
21817,Ishaan_801,51.2,88.0,3.03,136021,Michigantown,Manager
48734,Aditi_802,32.08,89.0,23.66,101006,Alma,Manager
39120,Vivaan_803,45.86,89.0,8.55,62815,Carol Stream,Analyst
65385,Aditi_804,33.28,81.0,22.07,149463,Alma,Manager
17958,Vivaan_805,49.14,74.0,12.57,60901,Detroit,Senior Manager
85363,Priya_806,42.23,62.0,17.83,100795,Fremont,Executive
17033,Anika_807,31.21,76.0,4.89,119163,Biloxi,Associate
64952,Priya_808,41.4,70.0,26.07,117868,Carol Stream,Analyst
65141,Rohan_809,50.42,73.0,19.3,88605,Hydetown,Associate
72436,Shanaya_810,41.21,,10.08,104931,Hydetown,Executive
84281,Rohan_811,37.28,81.0,28.84,130555,Carol Stream,Associate
46841,Aditi_812,29.68,80.0,8.82,93560,Biloxi,Analyst
66437,Rohan_813,,73.0,6.44,101117,Carol Stream,Clerk
64746,Aarav_814,25.38,68.0,14.6,65332,Detroit,Manager
19866,Shanaya_815,,76.0,24.36,61621,Alma,Associate
94929,Aditi_816,47.21,,3.62,123842,Detroit,Associate
20638,Rohan_817,49.97,76.0,21.12,122945,Biloxi,Manager
94201,Vivaan_818,50.2,59.0,2.43,77079,Detroit,Analyst
99593,Rohan_819,35.22,65.0,28.38,99670,Biloxi,Clerk
61121,Ishaan_820,35.02,65.0,11.74,86381,Alma,Executive
87987,Ishaan_821,45.56,58.0,9.27,93360,Detroit,Associate
40530,Aarav_822,47.87,89.0,7.81,96711,Carol Stream,Executive
22095,Ishaan_823,46.94,86.0,11.26,149926,Biloxi,Senior Manager
33412,Vivaan_824,23.28,62.0,27.84,133455,Fremont,Clerk
36964,Anika_825,25.03,71.0,11.39,152578,Stonewall,Associate
76610,Anika_826,27.8,77.0,21.39,137950,Fremont,Associate
66388,Ishaan_827,30.0,70.0,26.21,74055,Hydetown,Clerk
18091,Ishaan_828,45.72,57.0,29.46,156341,Fremont,Analyst
59696,Vivaan_829,42.6,,22.74,113772,Alma,Clerk
48387,Vivaan_830,30.55,60.0,11.74,148991,Stonewall,Executive
77412,Anika_831,44.46,70.0,11.88,123270,Biloxi,Senior Manager
56365,Rohan_832,22.68,73.0,14.01,97808,Biloxi,Senior Manager
10056,Vivaan_833,24.76,61.0,8.15,70273,Stonewall,Manager
87784,Aditi_834,35.73,71.0,28.98,104274,Hydetown,Analyst
91819,Rohan_835,28.84,80.0,9.07,81896,Detroit,Clerk
71629,Anika_836,31.85,86.0,20.17,146163,Alma,Executive
30405,Rohan_837,36.66,56.0,19.55,88065,Alma,Clerk
59890,Aditi_838,48.25,64.0,15.43,64956,Michigantown,Analyst
89173,Rohan_839,50.64,87.0,2.47,115269,Stonewall,Executive
76482,Vivaan_840,27.19,77.0,9.83,125036,Alma,Clerk
58446,Ishaan_841,50.61,89.0,21.59,94574,Detroit,Executive
48484,Ishaan_842,42.36,56.0,3.46,94586,Hydetown,Clerk
81409,Vivaan_843,27.08,65.0,4.71,110121,Detroit,Manager
53828,Priya_844,32.09,56.0,14.21,156891,Carol Stream,Associate
47270,Anika_845,24.15,73.0,27.46,122674,Carol Stream,Clerk
60809,Rohan_846,47.67,56.0,18.59,101774,Carol Stream,Manager
15467,Rohan_847,32.82,70.0,11.14,112109,Michigantown,Manager
76830,Priya_848,33.49,83.0,10.66,136593,Carol Stream,Senior Manager
24297,Aarav_849,29.7,74.0,27.81,144047,Hydetown,Executive
49598,Aarav_850,35.8,58.0,1.06,129093,Stonewall,Associate
57947,Priya_851,29.87,56.0,29.95,71614,Carol Stream,Clerk
85795,Ishaan_852,47.91,88.0,29.42,95807,Detroit,Executive
81029,Rohan_853,23.4,71.0,16.87,145067,Alma,Associate
98236,Rohan_854,38.0,71.0,25.37,149192,Fremont,Analyst
93729,Anika_855,43.91,63.0,3.99,99181,Biloxi,Analyst
90516,Anika_856,22.37,65.0,19.25,94863,Hydetown,Clerk
67393,Vivaan_857,39.99,77.0,29.58,104932,Hydetown,Manager
20387,Vivaan_858,34.41,75.0,13.81,107298,Carol Stream,Analyst
58687,Rohan_859,41.85,56.0,5.05,71496,Stonewall,Executive
97807,Aarav_860,35.9,69.0,7.42,135773,Alma,Executive
76193,Vivaan_861,50.75,63.0,19.42,104453,Biloxi,Analyst
97937,Ishaan_862,41.61,59.0,15.69,96331,Biloxi,Clerk
14824,Anika_863,41.55,61.0,29.43,85092,Stonewall,Analyst
81050,Priya_864,50.09,65.0,6.36,78085,Detroit,Executive
23039,Aarav_865,46.99,75.0,11.64,109192,Carol Stream,Associate
52746,Shanaya_866,42.92,,9.43,58817,Michigantown,Manager
60501,Aarav_867,25.81,75.0,3.35,127666,Alma,Clerk
38131,Shanaya_868,33.28,58.0,17.49,135412,Detroit,Clerk
91963,Aditi_869,32.52,79.0,20.3,91833,Fremont,Executive
92134,Shanaya_870,45.99,55.0,25.27,92319,Detroit,Senior Manager
53622,Vivaan_871,35.76,86.0,13.41,145282,Biloxi,Clerk
19221,Anika_872,,66.0,1.98,100510,Hydetown,Clerk
91338,Aditi_873,29.24,61.0,17.17,103507,Alma,Associate
85628,Rohan_874,28.95,88.0,19.41,150258,Stonewall,Associate
35270,Aditi_875,33.73,79.0,27.4,120440,Hydetown,Clerk
89597,Vivaan_876,,87.0,19.63,126093,Alma,Associate
70662,Rohan_877,46.3,68.0,17.82,75796,Biloxi,Executive
30196,Vivaan_878,22.14,56.0,10.2,95946,Hydetown,Senior Manager
10858,Shanaya_879,49.88,74.0,3.03,112143,Hydetown,Analyst
71309,Anika_880,24.96,58.0,27.56,130197,Fremont,Associate
60542,Anika_881,49.4,,14.48,58186,Biloxi,Manager
14039,Priya_882,48.11,60.0,20.84,123562,Carol Stream,Analyst
70408,Shanaya_883,28.88,60.0,26.36,110143,Hydetown,Manager
94766,Shanaya_884,44.51,65.0,14.33,80152,Hydetown,Clerk
20062,Anika_885,38.84,55.0,26.86,103147,Alma,Senior Manager
77743,Shanaya_886,45.71,70.0,7.78,150104,Fremont,Clerk
25912,Shanaya_887,27.15,61.0,10.27,155151,Carol Stream,Analyst
69304,Ishaan_888,34.95,68.0,29.16,112531,Alma,Associate
50551,Aditi_889,30.57,89.0,20.98,140598,Hydetown,Executive
67709,Vivaan_890,25.55,72.0,17.37,67099,Biloxi,Associate
68086,Anika_891,29.06,84.0,2.44,141493,Detroit,Analyst
22190,Aditi_892,42.73,56.0,7.56,63932,Michigantown,Analyst
49695,Shanaya_893,25.93,63.0,14.53,152071,Fremont,Manager
94794,Priya_894,36.96,71.0,17.57,153256,Carol Stream,Analyst
56617,Aarav_895,22.73,,20.67,137238,Alma,Associate
36616,Anika_896,42.13,64.0,21.39,104085,Stonewall,Senior Manager
39716,Rohan_897,38.16,60.0,9.55,143981,Fremont,Senior Manager
44592,Shanaya_898,27.61,87.0,16.19,136414,Fremont,Associate
23150,Shanaya_899,37.3,,7.23,148911,Hydetown,Senior Manager
45968,Anika_900,43.03,83.0,24.97,85577,Stonewall,Analyst
20047,Shanaya_901,50.22,87.0,26.69,145297,Alma,Analyst
22892,Shanaya_902,,71.0,15.98,141664,Alma,Senior Manager
40520,Shanaya_903,31.23,57.0,22.2,94855,Alma,Associate
75795,Rohan_904,43.75,56.0,10.07,81071,Stonewall,Senior Manager
24092,Ishaan_905,35.07,64.0,9.61,93463,Michigantown,Senior Manager
28049,Ishaan_906,38.34,62.0,13.59,113044,Alma,Analyst
90221,Priya_907,44.02,85.0,21.45,88416,Hydetown,Executive
65379,Anika_908,23.9,81.0,22.6,142396,Carol Stream,Senior Manager
96340,Aarav_909,45.17,88.0,17.24,68811,Hydetown,Executive
31364,Aditi_910,39.09,86.0,23.85,84727,Alma,Executive
12054,Aarav_911,,59.0,10.3,112450,Detroit,Senior Manager
72040,Priya_912,37.46,81.0,4.43,62232,Michigantown,Associate
13837,Aarav_913,35.05,76.0,3.87,77841,Detroit,Executive
67722,Vivaan_914,31.27,66.0,24.09,117549,Fremont,Analyst
38608,Anika_915,44.23,70.0,21.24,137698,Hydetown,Executive
66433,Shanaya_916,,67.0,28.28,86381,Fremont,Manager
30873,Aarav_917,22.11,85.0,22.75,57264,Alma,Executive
58842,Anika_918,34.22,72.0,27.89,74999,Biloxi,Executive
47441,Aarav_919,23.34,79.0,15.81,146908,Fremont,Executive
34347,Aditi_920,42.19,82.0,1.17,86092,Fremont,Senior Manager
52608,Aarav_921,23.23,67.0,21.4,126119,Fremont,Manager
59366,Aarav_922,39.64,71.0,25.74,151775,Biloxi,Senior Manager
82008,Rohan_923,24.16,69.0,27.74,106307,Biloxi,Analyst
94835,Shanaya_924,40.17,72.0,24.94,144168,Fremont,Clerk
86032,Vivaan_925,44.95,85.0,26.1,58282,Carol Stream,Executive
98252,Shanaya_926,39.34,56.0,2.41,90543,Carol Stream,Senior Manager
47612,Aarav_927,46.69,80.0,1.95,118420,Stonewall,Senior Manager
75370,Priya_928,34.29,84.0,16.98,89894,Alma,Executive
84465,Anika_929,43.82,80.0,23.63,60353,Carol Stream,Manager
46645,Priya_930,,85.0,3.65,120431,Detroit,Associate
67214,Priya_931,22.85,88.0,23.75,68432,Fremont,Manager
58830,Ishaan_932,30.79,65.0,26.79,95980,Michigantown,Manager
87202,Vivaan_933,23.2,75.0,2.48,67996,Michigantown,Associate
27565,Ishaan_934,45.54,68.0,2.3,70894,Detroit,Associate
43007,Priya_935,51.01,60.0,11.4,151164,Michigantown,Manager
62265,Priya_936,37.8,61.0,20.47,140557,Alma,Associate
83127,Shanaya_937,31.61,66.0,11.83,154352,Hydetown,Senior Manager
32635,Anika_938,38.83,58.0,25.79,103960,Detroit,Analyst
52309,Shanaya_939,39.28,59.0,2.58,142529,Alma,Associate
32058,Ishaan_940,36.99,74.0,22.69,81636,Carol Stream,Executive
52580,Aditi_941,49.66,83.0,29.68,134809,Michigantown,Executive
49112,Vivaan_942,40.96,68.0,14.04,113769,Hydetown,Senior Manager
95256,Anika_943,34.84,,6.23,78448,Hydetown,Senior Manager
88090,Aditi_944,49.67,60.0,11.7,61525,Biloxi,Senior Manager
43096,Ishaan_945,23.14,55.0,23.47,120482,Michigantown,Clerk
66327,Priya_946,39.73,86.0,11.77,64950,Stonewall,Executive
60845,Aditi_947,25.41,83.0,24.62,108547,Detroit,Senior Manager
72399,Shanaya_948,51.97,69.0,11.84,61867,Carol Stream,Senior Manager
73749,Priya_949,,79.0,4.3,145591,Carol Stream,Senior Manager
73893,Ishaan_950,45.69,,10.81,82802,Biloxi,Senior Manager
17754,Rohan_951,,76.0,4.12,136648,Hydetown,Senior Manager
53795,Vivaan_952,24.25,,23.25,56418,Hydetown,Executive
81052,Shanaya_953,30.65,65.0,1.3,109915,Stonewall,Manager
27543,Aarav_954,51.49,67.0,12.65,66333,Fremont,Analyst
67629,Rohan_955,39.67,62.0,28.88,89938,Detroit,Manager
62996,Aditi_956,23.16,67.0,22.13,117176,Biloxi,Executive
97201,Vivaan_957,,88.0,13.72,145284,Stonewall,Analyst
79663,Shanaya_958,37.52,58.0,27.47,141056,Alma,Analyst
64275,Aarav_959,37.63,79.0,29.51,158598,Stonewall,Manager
66564,Anika_960,26.24,75.0,18.49,112139,Biloxi,Manager
19860,Anika_961,32.42,73.0,1.43,97720,Hydetown,Analyst
44579,Ishaan_962,34.1,69.0,17.72,82344,Fremont,Senior Manager
45226,Rohan_963,23.28,60.0,10.31,133156,Fremont,Executive
62589,Aarav_964,28.59,72.0,29.74,61373,Michigantown,Analyst
22721,Rohan_965,41.85,57.0,23.16,135288,Stonewall,Senior Manager
41344,Priya_966,48.28,87.0,13.39,57329,Alma,Manager
71345,Anika_967,37.77,83.0,23.39,142176,Michigantown,Analyst
45657,Aarav_968,35.51,61.0,10.0,104962,Hydetown,Clerk
75042,Aarav_969,42.31,,15.1,70183,Fremont,Senior Manager
16405,Priya_970,36.88,69.0,28.62,157425,Stonewall,Manager
54829,Aarav_971,49.48,68.0,1.39,155865,Biloxi,Associate
74404,Rohan_972,48.24,69.0,25.8,121415,Carol Stream,Manager
83260,Vivaan_973,22.83,61.0,27.16,106894,Michigantown,Associate
17547,Anika_974,34.17,79.0,11.36,158262,Michigantown,Clerk
40978,Rohan_975,31.1,78.0,11.46,149296,Fremont,Associate
35966,Aditi_976,24.94,77.0,3.32,156106,Carol Stream,Senior Manager
39728,Ishaan_977,29.82,81.0,3.99,116891,Biloxi,Associate
83970,Priya_978,29.87,,14.8,139797,Stonewall,Manager
35472,Shanaya_979,30.65,80.0,2.9,92725,Michigantown,Manager
72152,Rohan_980,47.33,85.0,23.37,69516,Alma,Manager
48446,Priya_981,40.68,63.0,18.19,147099,Alma,Executive
80436,Vivaan_982,27.88,66.0,12.85,73188,Detroit,Manager
12589,Rohan_983,51.65,67.0,15.49,77235,Michigantown,Analyst
91266,Priya_984,39.97,79.0,18.37,76124,Michigantown,Executive
31427,Rohan_985,25.72,56.0,14.12,73098,Detroit,Manager
47603,Shanaya_986,,86.0,4.47,134779,Detroit,Executive
50362,Aarav_987,48.06,55.0,19.55,140142,Michigantown,Analyst
33236,Priya_988,40.47,77.0,26.14,158639,Fremont,Analyst
34077,Vivaan_989,46.87,81.0,12.37,132766,Detroit,Clerk
35057,Vivaan_990,41.77,56.0,1.39,56104,Alma,Clerk
64853,Aditi_991,22.18,70.0,22.78,63790,Michigantown,Executive
71186,Vivaan_992,30.8,76.0,2.74,56009,Alma,Senior Manager
58124,Ishaan_993,22.84,73.0,26.58,99357,Michigantown,Executive
75161,Ishaan_994,37.55,63.0,7.02,138927,Michigantown,Executive
59601,Priya_995,27.05,76.0,9.09,125414,Carol Stream,Executive
86657,Priya_996,29.38,69.0,9.87,152147,Hydetown,Analyst
27506,Priya_997,50.48,79.0,16.5,78720,Fremont,Clerk
58006,Anika_998,51.56,59.0,28.19,141305,Detroit,Manager
97040,Aditi_999,45.27,72.0,9.5,66614,Hydetown,Manager
46670,Ishaan_1000,24.38,58.0,17.29,122448,Biloxi,Associate
